,R.D.Spend,Administration,Marketing.Spend,Profit
R.D.Spend,1,0.241955245,0.724248133,0.972900466
Administration,0.241955245,1,-0.032153875,0.200716568
Marketing.Spend,0.724248133,-0.032153875,1,0.747765722
Profit,0.972900466,0.200716568,0.747765722,1
