"","Group.1","Murder","Assault","UrbanPop","Rape","cluster"
"1",1,12.1818181818182,260.636363636364,69.4545454545455,29.8545454545455,1
"2",2,3.13636363636364,74.6363636363636,55.6363636363636,12.8727272727273,2
"3",3,6.35,152.833333333333,70.9444444444444,20.45,3
