"","Group.1","Murder","Assault","UrbanPop","Rape"
"1",1,2.98181818181818,73.6363636363636,51.1818181818182,11.4090909090909
"2",2,12.3315789473684,259.315789473684,68.3157894736842,29.2157894736842
"3",3,6.115,140.05,70.8,19.05
