"","Group.1","Murder","Assault","UrbanPop","Rape"
"1",1,12.165,255.25,68.4,29.165
"2",2,6.05555555555556,140.055555555556,71.3333333333333,18.6833333333333
"3",3,3.09166666666667,76,52.0833333333333,11.8333333333333
